ts	phase	decision	why	evidence	result
2026-10-08T18:12:49Z	frame	Scoped seven remaining migration workstreams	Preserve storage compatibility and verify safety before exposing writes	docs/native-migration-plan.md	open
2026-10-08T19:08:51Z	source	Removed fabricated provider fallback	Missing API key must not produce attachable invented candidates	src-tauri/src/source_lookup.rs; /tmp/ts4-migration-baseline/source-fix.log	Regression failed before fix; 16 source tests pass
2026-10-08T19:12:12Z	package	Added Linux release bundle and native CI job	Verify the executable that users receive with desktop assets and license inventory	native/package.py; native/verify_package.py; .github/workflows/ci.yml	Packaged release scan passes; CI execution pending remote run
2026-10-08T19:23:22Z	archive	Preflight and stream ZIP imports; gate unbounded RAR and 7z extraction	Avoid overwrites, links and unbounded allocation before publishing managed data	src-tauri/tests/archive_safety.rs; /tmp/ts4-migration-baseline/archive-before.log; /tmp/ts4-migration-baseline/archive-after.log	Five safety regressions fail before and pass after; seven archive unit tests pass
2026-10-08T19:24:47Z	design	Chose per-instance ownership records and operation-specific recovery	Separate instance writes; preserve legacy claims and cross-device source copies; retain existing core API	docs/native-management-design.md; /tmp/ts4-migration-design-judgment.md	Two independent Codex designs compared; implementation in isolated checkouts
2026-10-09T00:24:13Z	recovery	Rebuilt lost temporary worktrees in a durable sibling directory	Temporary filesystem cleanup removed uncommitted delegated work between sessions	/home/tept/Projects/.TS4ModManager-migration; git worktree list	Signed commits intact; remaining edits being recreated with saved reports
2026-10-09T00:32:44Z	benchmark	Added isolated window and process-tree benchmark	Compare mapped windows and proportional memory without opening real game data	native/benchmark.py; native/tests/test_benchmark.py	Sampler regression passes; final release comparison pending
2026-10-09T00:34:06Z	controller	Added FIFO management worker and versioned local settings	Approved writes must drain and settings transfer must omit secrets by default	native/tests/management.rs; reports/native-controller-settings.patch in durable migration workspace	Six focused tests pass in main checkout
2026-10-09T00:34:13Z	frontend-store	Reconcile catalog after writes and reject stale responses	Game folder switching and metadata responses must not overwrite current scan facts	src/store/appStore.regression.test.ts; src/store/appStore.test.ts	46 targeted tests pass in main checkout
2026-10-09T00:36:42Z	ownership	Use contained filesystem writes and per-instance ownership records	Preserve unmanaged replacements, dangling ownership and legacy metadata without shared-instance overwrite	src-tauri/tests/ownership.rs; durable reports/core-ownership-baseline.log	11 ownership tests pass in main checkout; metadata staged outside catalog
2026-10-09T00:37:01Z	archive-scope	Extract ZIP through held nofollow directory descriptors	Reject redirected staging before writing outside managed storage and avoid extraction parent swaps	src-tauri/tests/archive_safety.rs; durable reports/archive-staging-original-before.log	Regression reproduced in main checkout before fix; six archive safety tests pass
2026-10-09T00:38:28Z	frontend-ui	Require reviewed writes and add explicit local settings transfer	Expose actionable dry-run paths, preserve failed form input and prevent stale selection feedback	src/App.regression.test.tsx; src/lib/settingsTransfer.test.ts; npm run test:coverage; npm run build	202 tests and coverage thresholds pass; production build passes; browser lacks Tauri backend
2026-10-09T00:39:33Z	native-ui	Expose reviewed management actions and fixture workflow mode	Exercise the production controller and FIFO worker with isolated mod collections	native/src/controls.rs; native/src/workflows.rs; cargo test --manifest-path native/Cargo.toml --locked	20 unit and7 integration tests pass in main checkout; recovery hookup pending
2026-10-09T00:42:14Z	settings-race	Ignore obsolete settings file callbacks and reject relative roots	The reviewed file must remain the latest selected file even when reads finish out of order	src/components/SettingsPage.test.tsx; src/lib/settingsTransfer.test.ts; durable reports/frontend-settings-followup-red.log	Seven regressions fail before fix;35 targeted tests pass in main checkout
2026-10-09T14:15:23Z	recovery-final	Integrated journaled core operations and legacy restore retirement	Preserve original bytes and ownership through failure and cross-device recovery	48de19c; src-tauri/tests/recovery_safety.rs; durable reports/root-core-final.log and core-wrapper-red.log	164 core tests and process child pass; signed commit verified
2026-10-09T14:15:23Z	native-final	Integrated startup recovery and safe settings transfer	Refresh shared catalog writes after navigation and preserve existing user export files	fb7f75a; native/tests/management.rs; durable reports/root-native-final.log	Final native suite passes; export and refresh review flags resolved
2026-10-09T14:15:23Z	review-fix	Track startup recovery in busy and waiting UI state	Closing while recovery waits on another writer must not block UI shutdown	02a478a; durable reports/startup-close-red.log and root-native-final.log; reports/final-audit.md	Regression failed before; 33 native tests and clippy pass; reviewer confirmed fix
2026-10-09T14:15:23Z	release-final	Verified both release executables and packaged management workflows	Check the shipped binary and compare current builds on identical isolated fixtures	2341ca6; docs/native-migration-report.md; durable reports/root-package-final.log and window-final-1000.json	Packaged 18 operations pass; median native PSS 60 MiB versus Tauri 208 MiB; physical frame checks unverified
2026-10-09T14:15:23Z	evidence-final	Superseded lost temporary green evidence with combined-tree validation	Temporary cleanup removed early baselines; current runs cannot recreate historical red outputs	docs/native-migration-report.md; durable reports/root-coverage-final.log and root-core-final.log; parent thread d1c2907a-f9e2-4266-973b-5c508b04b75c	213 frontend and 164 core tests pass; build and Tauri check pass; early baseline gap preserved
